,Date,Open,High,Low,Close
0,2015-01-02 05:00:00,79.12969308708583,79.294747110816,77.34321032023126,78.33354187011719
1,2015-01-05 05:00:00,77.67329358279262,77.73154618257891,73.8284664393447,74.37217712402344
2,2015-01-06 05:00:00,74.59549201181422,74.69258214847589,72.83812868597674,73.81875610351562
3,2015-01-07 05:00:00,74.87707631717795,75.16834679610821,74.01296130359412,74.5663833618164
4,2015-01-08 05:00:00,75.44020427966811,76.110138992379,75.0906737693411,75.55671691894531
5,2015-01-09 05:00:00,74.19743270840945,74.19743270840945,72.40123877248705,72.57600402832031
6,2015-01-12 05:00:00,72.76047388096892,72.81872649176107,71.90606274932975,72.02257537841797
7,2015-01-13 05:00:00,72.91581808841693,73.44011381843266,71.78955894829367,71.87693786621094
8,2015-01-14 05:00:00,72.09053441804024,72.09053441804024,70.4593947571299,71.73129272460938
9,2015-01-15 05:00:00,72.23618175218267,72.68280240796649,70.93514992228698,71.01282501220703
10,2015-01-16 05:00:00,69.89627016264073,71.08078936602209,69.71180108215817,70.37202453613281
11,2015-01-20 05:00:00,70.55649053829373,71.09049750258681,69.62441171584908,70.66329193115234
12,2015-01-21 05:00:00,70.53706724445621,72.29442329154934,70.15841049848036,71.38175964355469
13,2015-01-22 05:00:00,71.84781180341027,73.81877086092479,71.22642591554867,73.16825866699219
14,2015-01-23 05:00:00,73.25563906289041,73.42070047979577,72.18763250955386,72.45948791503906
15,2015-01-26 05:00:00,72.52743808875515,73.42068663368643,72.48860795886942,73.11969757080078
16,2015-01-27 05:00:00,72.37211595921127,72.71193524876756,71.57596473474874,71.88665771484375
17,2015-01-28 05:00:00,72.33326994765639,72.33326994765639,70.43998597914218,70.50794982910156
18,2015-01-29 05:00:00,70.9060183851602,71.58566426057101,69.9642283599863,71.44002532958984
19,2015-01-30 05:00:00,70.37203106053131,71.00312085846215,69.79918647459552,69.87686157226562
20,2015-02-02 05:00:00,69.95453001422815,70.0516201733258,68.60495680250921,69.88656616210938
21,2015-02-03 05:00:00,70.0807357814714,72.16820721715766,70.0807357814714,72.10994720458984
22,2015-02-04 05:00:00,71.50799930543081,72.50804208165093,71.25555894980576,71.54683685302734
23,2015-02-05 05:00:00,71.74100916085467,72.54687151647897,71.4885688334595,72.43035888671875
24,2015-02-06 05:00:00,72.13909308907948,72.13909308907948,69.36227153065703,69.57587432861328
25,2015-02-09 05:00:00,69.37197398729496,69.66325187101172,68.65349792363243,69.15837860107422
26,2015-02-10 05:00:00,74.95474796535161,75.87712304951685,72.58571683321674,73.72168731689453
27,2015-02-11 05:00:00,73.98383134488168,75.05184537769219,73.7313983984944,74.0420913696289
28,2015-02-12 05:00:00,74.4207368011609,75.7120572740061,74.14888141898372,75.61495971679688
29,2015-02-13 05:00:00,75.83828207616253,76.48879429905263,75.39166141234972,76.26548767089844
30,2015-02-17 05:00:00,78.61510482348719,80.02293068937898,78.18789922224906,78.2947006225586
31,2015-02-18 05:00:00,77.78011600973147,78.05197142566415,76.5567592305299,77.24610900878906
32,2015-02-19 05:00:00,77.63447554077322,77.96459097329192,77.05192717412747,77.14901733398438
33,2015-02-20 05:00:00,76.83831419719832,78.10050833061588,76.31401851443272,77.92574310302734
34,2015-02-23 05:00:00,77.86749241566882,77.9937162886315,76.97425110433797,77.1393051147461
35,2015-02-24 05:00:00,77.17813763454228,77.64418073609014,76.53733670335576,77.48883056640625
36,2015-02-25 05:00:00,77.58593539168982,78.28498899821827,77.29465750000793,77.88691711425781
37,2015-02-26 05:00:00,77.67330169677734,77.76068060558464,77.22668110092127,77.67330169677734
38,2015-02-27 05:00:00,77.6733092006526,78.24614630040548,77.54709273990298,77.99371337890625
39,2015-03-02 05:00:00,78.03254709185691,80.87733219798294,77.42086507112614,80.45012664794922
40,2015-03-03 05:00:00,80.04536982389116,81.15724594284738,79.63573282031378,80.29895782470703
41,2015-03-04 05:00:00,79.72351249394751,79.97710050591161,78.71892327574272,78.94325256347656
42,2015-03-05 05:00:00,79.32362802245946,79.60647474853293,78.55311606684845,78.7579345703125
43,2015-03-06 05:00:00,78.06545082770089,78.83596278321704,77.96791927004156,78.69941711425781
44,2015-03-09 04:00:00,78.63114408189381,78.904235419125,78.34829735656696,78.6408920288086
45,2015-03-10 04:00:00,77.72408491831955,78.00693163803712,77.13888070308002,77.35345458984375
46,2015-03-11 04:00:00,77.65580323358786,78.46532174885702,77.47048809047355,78.30927276611328
47,2015-03-12 04:00:00,78.689669762573,80.03562325456564,78.65065564728866,79.19683837890625
48,2015-03-13 04:00:00,78.90424066225533,78.94325477604951,78.14348404622217,78.7774429321289
49,2015-03-16 04:00:00,79.31388371927237,79.62598921214912,78.77744891533642,79.49919891357422
50,2015-03-17 04:00:00,79.46017261191908,80.25994327984802,79.00176611179259,79.97709655761719
51,2015-03-18 04:00:00,79.97710043925676,81.16700483150298,79.03102867030097,81.0987319946289
52,2015-03-19 04:00:00,80.84514181397878,81.85948639259601,80.03561574048892,81.44009399414062
53,2015-03-20 04:00:00,81.99603054033133,82.47394037675562,81.41083375923495,82.30813598632812
54,2015-03-23 04:00:00,82.08380981911817,83.09814688420221,81.60589256672966,82.8153076171875
55,2015-03-24 04:00:00,82.59098624308342,82.59098624308342,80.90366122019655,80.92317199707031
56,2015-03-25 04:00:00,80.20142539177554,80.63056572556772,79.61622117456496,79.6259765625
57,2015-03-26 04:00:00,79.03101821460277,84.61966447516838,78.72866818290112,82.68850708007812
58,2015-03-27 04:00:00,82.6104871228154,83.45902730325068,82.08381522177932,83.1274185180664
59,2015-03-30 04:00:00,83.64434136965525,83.71261420342161,82.23010775423688,82.24961853027344
60,2015-03-31 04:00:00,81.92775922763848,82.3861657377154,81.37182115909816,81.44009399414062
61,2015-04-01 04:00:00,81.31329916794951,81.89849592720621,80.64031880215502,81.88874053955078
62,2015-04-02 04:00:00,81.96677138978414,82.32764633281474,81.55713438927206,82.01553344726562
63,2015-04-06 04:00:00,81.28403411882661,83.00061775185856,80.91341123582748,82.7957992553711
64,2015-04-07 04:00:00,82.94210226634121,83.1371653796464,82.06430337410623,82.30813598632812
65,2015-04-08 04:00:00,83.00062014209216,83.76137670557674,82.32764718887624,82.60073852539062
66,2015-04-09 04:00:00,82.53246504876469,82.6592553279648,81.83022593680545,82.16183471679688
67,2015-04-10 04:00:00,82.32764414777284,82.91284091028433,81.97652460202985,82.26911926269531
68,2015-04-13 04:00:00,82.0252909939273,82.23010949957362,81.47910831220375,81.55713653564453
69,2015-04-14 04:00:00,81.6741784763677,81.76196209560767,80.88416310911593,81.14749908447266
70,2015-04-15 04:00:00,81.59615262582577,81.92776142171816,81.0012004297307,81.06947326660156
71,2015-04-16 04:00:00,80.95242503174057,81.17675430293593,80.2209272151887,80.43550109863281
72,2015-04-17 04:00:00,80.25019030171839,80.72810015099314,79.75276967588002,79.86981201171875
73,2015-04-20 04:00:00,80.29895543483758,80.59155009674997,79.92832511209572,80.43550109863281
74,2015-04-21 04:00:00,80.78662219659499,82.22035913514657,80.25994286562621,81.66442108154297
75,2015-04-22 04:00:00,81.70344021477982,82.12283266594538,80.40625618594007,81.44985961914062
76,2015-04-23 04:00:00,81.41083244767223,81.94725972120986,81.23527267205358,81.2840347290039
77,2015-04-24 04:00:00,81.85949102705612,81.98628131611865,81.00120284633323,81.0792236328125
78,2015-04-27 04:00:00,81.31329836416934,81.45959197165202,78.72867130838901,79.23583984375
79,2015-04-28 04:00:00,79.29435919817688,79.5186810081271,78.08494422533774,78.80669403076172
80,2015-04-29 04:00:00,85.39992522455739,85.81931758331088,84.38558074196337,85.37066650390625
81,2015-04-30 04:00:00,85.37067480663374,85.58524870051744,82.89333452110725,83.82965087890625
82,2015-05-01 04:00:00,84.07348433634299,84.56114957597649,83.20544080508984,84.41485595703125
83,2015-05-04 04:00:00,84.014971481458,84.73671399203909,84.014971481458,84.05398559570312
84,2015-05-05 04:00:00,84.12224990036671,84.14175323491978,83.04938791161267,83.29322052001953
85,2015-05-06 04:00:00,83.3907463763517,83.42000509677212,82.44467472979724,82.89332580566406
86,2015-05-07 04:00:00,82.9030847006115,83.60532378513497,82.62023798927952,83.57606506347656
87,2015-05-08 04:00:00,84.36607884535664,85.49746567100314,84.28805062817129,84.4733657836914
88,2015-05-11 04:00:00,82.90308071529813,83.81989363615084,82.43491886772779,82.51294708251953
89,2015-05-12 04:00:00,81.92775966897591,82.54221518766808,81.8107173334808,81.8497314453125
90,2015-05-13 04:00:00,82.40565413446261,82.98110287508698,81.75218462591968,81.79119873046875
91,2015-05-14 04:00:00,82.46419048816296,82.97135903552284,82.18134377170395,82.82505798339844
92,2015-05-15 04:00:00,82.90308357923182,83.01037051798173,82.44467710296956,82.75678253173828
93,2015-05-18 04:00:00,82.7762989660768,83.62483170542843,82.69827074325477,83.1859359741211
94,2015-05-19 04:00:00,83.27371257154277,83.99546247458157,83.07864945466689,83.50779724121094
95,2015-05-20 04:00:00,83.65408277132902,83.65408277132902,82.95185115375294,83.24444580078125
96,2015-05-21 04:00:00,82.96159840686941,83.28345921297432,82.71776581579239,82.74702453613281
97,2015-05-22 04:00:00,82.90308095077484,83.2151863696482,82.41541576871145,82.68850708007812
98,2015-05-26 04:00:00,82.87383405374612,82.87383405374612,81.36206879719957,81.83023071289062
99,2015-05-27 04:00:00,82.32765459129922,82.55197644881396,81.68393286205205,82.42518615722656
100,2015-05-28 04:00:00,82.46419199965209,82.68851383466456,81.38157461174107,82.01553344726562
101,2015-05-29 04:00:00,81.87899149221667,82.0935653901685,80.53303809758395,80.71835327148438
102,2015-06-01 04:00:00,80.95242744618156,81.09872850209153,80.25018833075828,80.32821655273438
103,2015-06-02 04:00:00,80.15266698857245,80.7281084563239,79.86982022874857,80.36724090576172
104,2015-06-03 04:00:00,82.18134549801027,82.67875866802905,80.99144116280154,82.19109344482422
105,2015-06-04 04:00:00,81.5885905947002,82.73482622152346,81.53961057420791,82.13721466064453
106,2015-06-05 04:00:00,81.70614917144678,83.07771669447878,81.31427166851739,82.83279418945312
107,2015-06-08 04:00:00,82.47030449237742,82.47030449237742,80.87341248330416,81.03015899658203
108,2015-06-09 04:00:00,81.06935885322686,81.2359043826845,80.43255876915892,80.50113677978516
109,2015-06-10 04:00:00,80.55011772111995,81.03016375643665,80.34438370598423,80.47174072265625
110,2015-06-11 04:00:00,80.63828366391976,81.38285017666824,80.5697056610641,81.2554931640625
111,2015-06-12 04:00:00,80.72645829100496,81.15751681263578,80.334580792252,80.51092529296875
112,2015-06-15 04:00:00,80.34438694073232,80.56971147733479,79.96230840089137,80.0994644165039
113,2015-06-16 04:00:00,80.4815336376563,80.71665714084757,80.13864363832707,80.5697021484375
114,2015-06-17 04:00:00,80.53051292030541,80.82442290245451,79.79574543937402,80.23661041259766
115,2015-06-18 04:00:00,80.36396927587235,81.34365927309024,80.26600177103887,81.10853576660156
116,2015-06-19 04:00:00,80.89299796066207,81.37304393790727,80.64807547592294,80.81462097167969
117,2015-06-22 04:00:00,81.10853184198858,81.39264282436743,80.64807636966567,81.14772033691406
118,2015-06-23 04:00:00,81.26527592927832,81.43182889636626,80.54030748083063,81.00076293945312
119,2015-06-24 04:00:00,81.03016771000188,81.8922923118408,80.68727766804562,80.71666717529297
120,2015-06-25 04:00:00,80.83422850546945,81.08894253809113,80.39336349619295,80.55011749267578
121,2015-06-26 04:00:00,80.96158684750678,81.19671037163918,80.53052082456234,81.01057434082031
122,2015-06-29 04:00:00,79.89372970023403,80.53052227815172,78.81606462342089,78.9140396118164
123,2015-06-30 04:00:00,79.8055574987507,79.8055574987507,78.67891234863218,79.44306945800781
124,2015-07-01 04:00:00,80.11905408221604,81.05955566837177,80.05047607513517,80.33458709716797
125,2015-07-02 04:00:00,80.66766857512232,80.78523406236937,80.0896550803173,80.59909057617188
126,2015-07-06 04:00:00,79.9818930852648,80.94199259902597,79.89372457070029,80.40316009521484
127,2015-07-07 04:00:00,80.57950722693334,80.81463074788248,79.45286216595409,80.47174072265625
128,2015-07-08 04:00:00,79.91331912098383,80.10925414621242,78.88464155242853,78.94342803955078
129,2015-07-09 04:00:00,80.02108233471434,80.56970636233484,78.71809279467385,78.74748229980469
130,2015-07-10 04:00:00,79.49205386561823,80.27580893292605,79.45286536480862,80.0994644165039
131,2015-07-13 04:00:00,80.76565158824218,81.02036562429396,80.33458556655143,80.80484008789062
132,2015-07-14 04:00:00,81.2750797231172,82.74461469093393,80.96157922896062,82.43111419677734
133,2015-07-15 04:00:00,82.22538411604275,82.8621841273268,81.98046160973671,82.39192962646484
134,2015-07-16 04:00:00,83.57735022171623,84.15537119952866,82.64664772581867,83.12669372558594
135,2015-07-17 04:00:00,83.12669983909721,84.0574098778848,82.80340032643072,83.88106536865234
136,2015-07-20 04:00:00,84.02801661209655,84.02801661209655,83.0189370047209,83.06792449951172
137,2015-07-21 04:00:00,82.99933773925324,83.2540592313092,82.19599224071507,82.52908325195312
138,2015-07-22 04:00:00,82.39193570873313,83.27365829141301,82.20579967282013,83.14630126953125
139,2015-07-23 04:00:00,83.1756824882316,83.25405948209131,80.70685950274193,81.03015899658203
140,2015-07-24 04:00:00,81.18691663937888,81.18691663937888,79.63900457594897,79.93290710449219
141,2015-07-27 04:00:00,79.24712511490753,79.66839212245895,77.9147460898352,78.28703308105469
142,2015-07-28 04:00:00,79.22754238019687,80.02108898242021,78.50256631268076,79.06098937988281
143,2015-07-29 04:00:00,79.42347758976348,81.21631230007713,79.39408808212595,80.97138977050781
144,2015-07-30 04:00:00,82.04903788648203,85.19384190436226,76.0435408489928,76.61175537109375
145,2015-07-31 04:00:00,77.27794650949237,78.42418951973771,76.27866597238089,77.8461685180664
146,2015-08-03 04:00:00,78.32621352022105,78.45357800550596,76.0435414713621,76.73912048339844
147,2015-08-04 04:00:00,76.86647686513722,77.24855536898163,76.14150835456596,76.61175537109375
148,2015-08-05 04:00:00,77.00363267073718,77.38571117360365,75.0638506522522,75.26958465576172
149,2015-08-06 04:00:00,75.43612937747922,75.43612937747922,74.03517239006267,74.36827087402344
150,2015-08-07 04:00:00,74.54460909362473,74.92669507309074,74.1037515799632,74.82872009277344
151,2015-08-10 04:00:00,75.52430963191262,75.72025214542667,74.91690652612563,75.6712646484375
152,2015-08-11 04:00:00,75.03445317364267,75.43612965956187,74.5348166574954,74.85811614990234
153,2015-08-12 04:00:00,73.94701169487219,74.515226269669,72.73219059489027,74.28990173339844
154,2015-08-13 04:00:00,74.40745126506576,74.81892673875556,73.74126177723632,74.24090576171875
155,2015-08-14 04:00:00,74.26050215599771,74.50542464665148,73.53552620206489,73.85882568359375
156,2015-08-17 04:00:00,73.80984189880543,76.16109942193492,73.25141889107582,75.88678741455078
157,2015-08-18 04:00:00,75.63207175486275,75.93578076456683,75.10304568519435,75.29898071289062
158,2015-08-19 04:00:00,74.71116212266728,76.014144153076,74.6915641368148,75.39694213867188
159,2015-08-20 04:00:00,74.38786988039935,74.83852643121358,73.28082275390625,73.28082275390625
160,2015-08-21 04:00:00,72.64401365562419,73.07507216505697,71.67412266634872,71.68391418457031
161,2015-08-24 04:00:00,65.10040440027635,69.53840684851356,65.04162538587663,68.5293197631836
162,2015-08-25 04:00:00,70.53768380489572,70.57687230394258,68.20602416992188,68.20602416992188
163,2015-08-26 04:00:00,69.87149594674614,69.87149594674614,67.99049279400836,69.64616394042969
164,2015-08-27 04:00:00,70.42011292912434,71.56635588398066,69.81270992639574,71.1940689086914
165,2015-08-28 04:00:00,70.87077314166763,72.03660666851782,70.63564962744668,71.80148315429688
166,2015-08-31 04:00:00,71.29204043460358,71.47818393275226,69.99884988962313,70.01844787597656
167,2015-09-04 04:00:00,68.6860598736503,69.42082730278696,68.29418241655591,68.98976135253906
168,2015-09-08 04:00:00,69.99884521744767,70.92955517162767,69.52859821853762,70.86097717285156
169,2015-09-09 04:00:00,71.54540904840509,72.11659235714666,70.75756948369983,71.01361846923828
170,2015-09-10 04:00:00,70.91515136126688,71.18104293524387,70.35381802651895,70.8166732788086
171,2015-09-11 04:00:00,70.39320459790146,72.66808041108187,70.39320459790146,72.5794448852539
172,2015-09-14 04:00:00,72.61884470575193,73.04230722663068,72.12644677512063,72.7271728515625
173,2015-09-15 04:00:00,73.11124538255511,73.24911620723883,71.61435892310492,72.95368194580078
174,2015-09-16 04:00:00,72.78625753252197,73.20971249241609,72.2741595347139,73.01275634765625
175,2015-09-17 04:00:00,72.76656077629605,73.84983464937959,72.39234107858228,72.5400619506836
176,2015-09-18 04:00:00,71.32875659366371,71.6340408723935,69.93034842951366,70.25532531738281
177,2015-09-21 04:00:00,70.85605030634756,70.87575042859848,69.79247662004923,70.13715362548828
178,2015-09-22 04:00:00,68.93570874969524,69.49704207754976,68.14786907291175,68.90616607666016
179,2015-09-23 04:00:00,69.02433136653958,69.25083769774078,68.12817112989836,68.3152847290039
180,2015-09-24 04:00:00,67.95091261182424,68.25619691637327,66.71991781813178,67.26155853271484
181,2015-09-25 04:00:00,67.921364924913,68.21679914555244,66.96611183338179,67.35018157958984
182,2015-09-28 04:00:00,66.81839113357942,67.06459007475945,64.13974545139749,64.17913818359375
183,2015-09-29 04:00:00,64.22838543042411,64.54351979644836,63.01708700663748,63.54887390136719
184,2015-09-30 04:00:00,64.42534195389663,65.75481483324282,64.23823585368382,65.46923065185547
185,2015-10-26 04:00:00,66.64113393032976,68.10848516889446,66.36539229213928,67.50775909423828
186,2015-10-27 04:00:00,67.11383334249628,75.92775249365113,66.06994471540928,73.67256927490234
187,2015-10-28 04:00:00,80.26085902759864,81.57063926647874,76.90270168762126,78.29126739501953
188,2015-10-29 04:00:00,78.31096332817398,78.76397603467676,75.98685201544308,77.68069458007812
189,2015-11-02 05:00:00,78.65564354147652,79.40408294259731,77.05042157297154,77.48373413085938
190,2015-11-04 05:00:00,76.87315922052686,76.89285934440692,75.67170711930241,76.49893951416016
191,2015-12-11 05:00:00,67.2123206316112,67.61609055978454,66.72977274108399,67.0350570678711
192,2015-12-14 05:00:00,67.09413588144828,67.52744844246412,65.42983607039305,66.60173797607422
193,2015-12-18 05:00:00,65.65632798474392,66.18811856814969,64.47457614166107,65.07530212402344
194,2015-12-21 05:00:00,65.41999112311471,66.08965262731387,64.90790056738422,65.1343994140625
195,2015-12-22 05:00:00,65.31166451326212,68.58118663705993,65.18364374966217,68.26605224609375
196,2015-12-23 05:00:00,68.61071404948312,69.1425046247012,67.95090273914388,69.09326934814453
197,2015-12-24 05:00:00,69.03418622675433,69.35917065408793,68.63042384314863,68.77813720703125
198,2015-12-28 05:00:00,68.50238428415442,69.2409810353955,68.1774074237883,69.12281036376953
199,2015-12-29 05:00:00,69.62505947396558,70.04852196496971,69.17205431135113,69.79248046875
200,2015-12-30 05:00:00,69.52658420521968,69.84171857078196,68.94555827103132,69.05388641357422
201,2015-12-31 05:00:00,68.85692278427128,69.19175727418546,68.20696144198457,68.22665405273438
202,2016-01-04 05:00:00,67.11383546485409,67.43881988299962,66.23736780141606,66.74945831298828
203,2016-01-05 05:00:00,67.12368001016485,67.33048621015345,66.58203935776962,66.98580169677734
204,2016-01-06 05:00:00,65.78436236320887,65.86314031692977,63.74583536029034,64.5533676147461
205,2016-01-07 05:00:00,63.16480265966103,63.8640067832347,61.98304693618426,62.199703216552734
206,2016-01-08 05:00:00,62.34741913600665,63.99202996168343,62.33756907493748,62.701942443847656
207,2016-01-11 05:00:00,62.918602471471054,63.45039310009642,62.43605463774263,63.11555862426758
208,2016-01-12 05:00:00,63.57841435925238,64.30716865992916,63.145109316937074,63.86400604248047
209,2016-01-13 05:00:00,64.00187728023639,64.07081268606892,59.82634516967568,59.93467330932617
210,2016-01-14 05:00:00,59.91497796374125,61.02779829453226,58.743072287913954,60.2596549987793
211,2016-01-15 05:00:00,58.50671818720258,59.62938479543435,57.797664010762375,58.91048431396485
212,2016-01-19 05:00:00,59.32410281291171,59.91497881182579,57.56131736488427,58.250675201416016
213,2016-01-20 05:00:00,57.265879760411934,59.88543655194228,56.005338527097216,59.06805419921875
214,2016-01-21 05:00:00,59.087749823012494,61.92396286639252,58.82185449800518,60.87023162841797
215,2016-01-22 05:00:00,61.97319849867128,62.8693625047724,61.38232253561255,62.03228759765625
216,2016-01-25 05:00:00,61.98304663050528,62.01259305921756,59.47181807843784,59.58999252319336
217,2016-01-26 05:00:00,59.885436265250135,61.589132614301846,59.698322651730734,61.34293365478516
218,2016-01-28 05:00:00,61.02779617493891,61.54973674035382,59.04835453761837,59.40288162231445
219,2016-01-29 05:00:00,59.65892891718626,61.31338233708038,59.65892891718626,61.2936897277832
220,2016-02-01 05:00:00,60.96870418980343,62.30802699895932,60.28919648076005,61.8648681640625
221,2016-02-02 05:00:00,61.057339399954174,61.08688207171407,59.521056604576366,59.5998420715332
222,2016-02-03 05:00:00,59.94452068710797,60.24980874461344,58.40824160769473,59.98391342163086
223,2016-02-04 05:00:00,59.82634609679529,61.20506174820719,59.46197269507706,61.08688354492188
224,2016-02-08 05:00:00,59.50135755852686,59.91497372802969,57.49237707866255,59.16653060913086
225,2016-02-09 05:00:00,58.5559581784097,60.92931593905403,58.35899826433882,60.26950454711914
226,2016-02-10 05:00:00,60.76190287763208,62.08152942740133,60.39752947591385,61.08688354492188
227,2016-02-11 05:00:00,59.97406271619376,61.67775891398414,59.96421265493675,61.16566467285156
228,2016-02-12 05:00:00,61.72700109279616,63.1648020603128,61.2050605205314,63.03678131103516
229,2016-02-16 05:00:00,63.3814555279959,64.89804189553658,63.27312739364332,64.05111694335938
230,2016-02-17 05:00:00,64.75032355129814,66.71991514221214,64.66169553613692,65.93207550048828
231,2016-02-18 05:00:00,64.69123730043505,65.42983413666752,63.66704878591855,64.43518829345703
232,2016-02-19 05:00:00,64.25792149211767,65.41013069496839,63.80491635715232,65.32150268554688
233,2016-02-22 05:00:00,65.91238131470986,66.83809174459516,65.78436056918348,66.23736572265625
234,2016-02-23 05:00:00,65.99117004091698,66.38508987182874,65.70557835134085,65.76466369628906
235,2016-02-24 05:00:00,65.34119955451918,66.71006510973245,64.68138817448887,66.48356628417969
236,2016-02-25 05:00:00,66.58204899727802,67.98045732159751,66.33585003116278,67.9115219116211
237,2016-02-26 05:00:00,68.59103288224121,68.74859631225628,67.93122146184815,68.19711303710938
238,2016-02-29 05:00:00,68.12817002083698,68.87661689167972,67.84257835283915,68.05923461914062
239,2016-03-01 05:00:00,68.4137632089306,69.49703705111212,68.4137632089306,69.13265991210938
240,2016-03-02 05:00:00,68.59103165339477,69.2606931241027,68.43346071280655,69.1819076538086
241,2016-03-03 05:00:00,68.79784007020433,69.44780143735264,68.54179104028714,69.00464630126953
242,2016-03-04 05:00:00,68.83722198081655,69.6053614363693,68.7485864595016,69.47734069824219
243,2016-03-07 05:00:00,69.30992560895672,70.00912972443908,69.08342678275314,69.92050170898438
244,2016-03-08 05:00:00,69.17205321499382,69.80232191067613,68.57132719045359,68.70919799804688
245,2016-03-09 05:00:00,69.10311624753489,69.14250897929809,68.51224029787748,68.87661743164062
246,2016-03-10 05:00:00,69.20831022414248,69.58454723737253,67.6439432070994,68.66374969482422
247,2016-03-11 05:00:00,69.35681835597062,70.11919544349772,69.18849486187732,69.72315216064453
248,2016-03-14 04:00:00,75.15883587736023,75.68359005133821,74.10931997550647,75.17863464355469
249,2016-03-15 04:00:00,75.24793668213819,75.77269082142953,74.95090233157082,75.39645385742188
250,2016-03-16 04:00:00,75.04001696038303,75.36675324089714,74.85189469816626,75.33704376220703
251,2016-03-17 04:00:00,75.10933240157911,78.21826011052086,74.72319222813017,75.63408660888672
252,2016-03-18 04:00:00,79.15884524856088,79.89152795715911,78.91131914390134,79.77271270751953
253,2016-03-21 04:00:00,83.33708912774112,83.53511454861629,82.63411587990348,83.35689544677734
254,2016-03-22 04:00:00,82.48560652203011,83.38660527615404,81.34699234812582,83.01036071777344
255,2016-03-23 04:00:00,82.92125100200984,83.03016310017505,81.6737172300524,81.85193634033203
256,2016-03-24 04:00:00,81.0499511223963,82.03015241572062,80.76281992457452,81.31727600097656
257,2016-03-28 04:00:00,83.21828375230474,83.50540740126883,82.85194237888166,82.92124938964844
258,2016-03-29 04:00:00,82.49550843859585,83.04996455345147,82.36679757018952,82.7331314086914
259,2016-03-30 04:00:00,83.14897882721311,83.14897882721311,82.49550623453686,82.83214569091797
260,2016-03-31 04:00:00,82.82224008467989,82.84203885028327,82.50540695774258,82.60441589355469
261,2016-04-01 04:00:00,79.02023527521165,79.3568747227903,77.92121871000985,78.59449005126953
262,2016-04-04 04:00:00,78.53508115393043,78.81230917888864,77.92121370302503,78.14894104003906
263,2016-04-05 04:00:00,77.78260427602581,77.88162076554569,77.20834942785739,77.61428833007812
264,2016-04-06 04:00:00,77.70340064859354,78.12914586473642,77.26775227284806,77.99052429199219
265,2016-04-07 04:00:00,77.44597736415442,77.90142454042181,77.07963596950762,77.39646911621094
266,2016-04-08 04:00:00,77.70340377098671,78.20835162254865,77.57468535267273,78.18855285644531
267,2016-04-11 04:00:00,78.5647859216078,79.36677565586653,78.30735665172861,78.6935043334961
268,2016-04-12 04:00:00,78.75290807378781,79.10934627654359,78.52518072884484,79.03013610839844
269,2016-04-13 04:00:00,79.02024023119273,79.6143089931317,78.98063514347025,79.37667846679688
270,2016-04-14 04:00:00,79.32717121362553,79.98063622227117,79.059838782077,79.66380310058594
271,2016-04-15 04:00:00,79.7628136275053,80.18855885144923,79.54498943564128,79.59449768066406
272,2016-04-18 04:00:00,79.39648054575919,79.46578755709618,78.70340287849154,79.22815704345703
273,2016-04-19 04:00:00,79.35687790070791,80.33707924944717,79.08954545311671,79.45588684082031
274,2016-04-20 04:00:00,79.45588697364245,79.69350994108902,78.77271244409837,79.11925506591797
275,2016-04-21 04:00:00,79.218265120874,80.46579138294587,79.1093530188664,79.73311614990234
276,2016-04-22 04:00:00,79.83212146581546,80.01034057428836,77.52518376945216,78.22815704345703
277,2016-04-25 04:00:00,77.9707280034122,78.93113056014137,77.9707280034122,78.88162231445312
278,2016-04-26 04:00:00,78.87172204961132,79.16874884450272,78.23804826860236,78.7529067993164
279,2016-04-27 04:00:00,78.63409429993975,80.36677710272912,78.56478728998407,80.29747009277344
280,2016-04-28 04:00:00,78.9509291455273,81.66382086040707,78.57469216240933,80.55490112304688
281,2016-04-29 04:00:00,79.92123071522404,81.43608928292727,79.91132755584307,81.06974792480469
282,2016-05-02 04:00:00,81.21827496820245,81.54501128239797,80.35688884483022,81.30738830566406
283,2016-05-03 04:00:00,81.04004439167761,81.5846048383599,80.52519342254841,81.47569274902344
284,2016-05-04 04:00:00,80.98064942092469,81.3172813311206,80.3964838273698,80.75292205810547
285,2016-05-05 04:00:00,81.08955844888673,81.22817247181955,80.54499796315233,80.55490112304688
286,2016-05-06 04:00:00,80.2974722534442,80.89153343389195,79.92123526840342,80.53509521484375
287,2016-05-09 04:00:00,80.58459769530785,80.82222063970686,80.1192474118493,80.45588684082031
288,2016-05-10 04:00:00,80.69350926214805,81.99054361954408,80.20836021725825,81.81232452392578
289,2016-05-11 04:00:00,81.6836171046022,81.80243235797563,80.57469740147603,80.66381072998047
290,2016-05-12 04:00:00,80.77272836747301,80.8618341481956,79.50539579343172,80.08955383300781
291,2016-05-13 04:00:00,74.87169992303242,74.87169992303242,72.87168473871964,73.38654327392578
292,2016-05-16 04:00:00,73.37664086745038,74.33704338568461,73.20832492509318,74.02021026611328
293,2016-05-17 04:00:00,73.77268578212217,74.55486921572657,73.38654564518929,73.61426544189453
294,2016-05-18 04:00:00,73.49983001477524,74.0073451787388,72.38528884486462,72.88285064697266
295,2016-05-19 04:00:00,72.38528506774797,72.38528506774797,71.53943156673967,72.28577423095703
296,2016-05-20 04:00:00,72.45494774797059,72.5942644462518,72.1166093641993,72.3255844116211
297,2016-05-23 04:00:00,72.33553374922327,72.42509122505417,71.86782446293248,72.23601531982422
298,2016-05-24 04:00:00,72.29573031809991,72.743532896638,72.17631275413419,72.5743637084961
299,2016-05-25 04:00:00,72.57436512903975,73.31075447409927,72.34548335833969,73.06197357177734
300,2016-05-26 04:00:00,72.97241534555693,73.11173204205842,72.52460517063884,72.70372772216797
301,2016-05-27 04:00:00,72.7634361739916,73.36050878116191,72.69377782969156,73.35055541992188
302,2016-05-31 04:00:00,73.43016738625866,73.56948407535353,72.98235723514789,73.0719223022461
303,2016-06-01 04:00:00,72.84304534666494,74.02724487420438,72.84304534666494,73.97748565673828
304,2016-06-02 04:00:00,74.01728944095314,75.25124815142726,73.63914521224099,75.01241302490234
305,2016-06-03 04:00:00,74.63426971435547,74.90294974476332,73.87797365543665,74.63426971435547
306,2016-06-06 04:00:00,74.63426705689855,74.85319545501589,74.32578118256424,74.5745620727539
307,2016-06-07 04:00:00,74.55465687619875,74.59446273050683,74.07700180888257,74.0969009399414
308,2016-06-08 04:00:00,74.15660732139231,74.64422335170347,73.34060627319046,74.35563659667969
309,2016-06-09 04:00:00,73.9078200735497,74.3257777196599,73.66899255590808,74.15660095214844
310,2016-06-10 04:00:00,73.66899503405313,73.7386533787164,73.23113824348955,73.52967834472656
311,2016-06-13 04:00:00,73.39036618496803,73.93768720695252,73.06197357177734,73.06197357177734
312,2016-06-14 04:00:00,72.87290351603568,73.16148267473994,72.37534172322214,72.6241226196289
313,2016-06-15 04:00:00,72.9226542222019,73.73865524845834,72.74353167535584,73.00226593017578
314,2016-06-16 04:00:00,72.6539768119439,73.00226855662243,71.9076341052654,72.83309936523438
315,2016-06-17 04:00:00,72.81319114446053,73.64909890669414,72.79329201325542,73.53963470458984
316,2016-06-20 04:00:00,74.18646253004054,75.1119277207656,74.17650916888283,74.64421844482422
317,2016-06-21 04:00:00,74.65416348785072,74.65416348785072,74.06704425248628,74.51484680175781
318,2016-06-22 04:00:00,74.6342683861587,75.04227269758775,74.3058757831339,74.60441589355469
319,2016-06-23 04:00:00,75.25124927498858,75.56968852291925,74.86315167882901,75.5497817993164
320,2016-06-24 04:00:00,73.40031615082876,74.2660687918509,71.44987487792969,71.44987487792969
321,2016-06-27 04:00:00,71.22099627557405,71.31056134817621,69.06157986971324,69.30040740966797
322,2016-06-29 04:00:00,71.26080214903108,72.67387584972549,70.99211452334698,72.3753433227539
323,2016-06-30 04:00:00,72.43504657704041,73.61924607128257,72.34548150655795,73.58938598632812
324,2016-07-01 04:00:00,73.68890469560412,74.77358576179178,73.58938626309588,74.73377990722656
325,2016-07-05 04:00:00,74.43524625657896,74.58450871869508,73.848119400891,74.1964111328125
326,2016-07-06 04:00:00,73.85807062051256,74.84324080286027,73.59933637336414,74.7735824584961
327,2016-07-07 04:00:00,74.77358752591675,75.4005126676812,74.39544328691147,75.17163848876953
328,2016-07-08 04:00:00,75.5995375683692,76.45534443168903,75.370655810518,76.32597351074219
329,2016-07-11 04:00:00,76.48519567332978,76.62451236115668,76.13690395376254,76.5250015258789
330,2016-07-12 04:00:00,76.8832485154329,77.61963782539905,76.85339602332742,77.42061614990234
331,2016-07-13 04:00:00,77.61963724624181,77.61963724624181,76.09709942270057,76.55485534667969
332,2016-07-14 04:00:00,77.07231332241462,77.21163000736092,76.69416911930175,76.7737808227539
333,2016-07-15 04:00:00,76.7638347190304,76.8633455616584,75.90802780648652,76.59466552734375
334,2016-07-18 04:00:00,76.59466158054582,76.9827591613304,76.44539152820016,76.73397827148438
335,2016-07-19 04:00:00,76.52500229115367,76.88324737548828,75.96772794208309,76.88324737548828
336,2016-07-20 04:00:00,76.83349334853669,76.84344671049301,76.24637406035505,76.31603240966797
337,2016-07-21 04:00:00,76.18665523722304,76.75387534719835,76.05729191115499,76.57475280761719
338,2016-07-22 04:00:00,76.62451448969908,77.24149383306438,76.43543858288595,77.14197540283203
339,2016-07-25 04:00:00,77.04246827233884,77.33105503108183,76.82353986279652,77.28130340576172
340,2016-07-26 04:00:00,77.0623707975316,77.72910175958184,76.88324825331912,77.69924926757812
341,2016-07-27 04:00:00,77.25143983161949,77.31115240837418,76.15680542552722,76.63446807861328
342,2016-07-28 04:00:00,76.09710230055104,77.63953931294947,75.57963378104657,77.53008270263672
343,2016-07-29 04:00:00,77.29124658866141,77.81866087098467,77.05241905542246,77.6793441772461
344,2016-08-01 04:00:00,77.63954057656231,77.73905901114168,76.97280958114801,77.3310546875
345,2016-08-02 04:00:00,77.12207985406904,77.21163733480935,76.16676209855248,76.82353973388672
346,2016-08-03 04:00:00,76.63446893966334,77.48032246332073,76.47524552278222,77.45046997070312
347,2016-08-04 04:00:00,77.43055913590935,78.11719679841532,77.41066000595106,78.09729766845703
348,2016-08-08 04:00:00,78.67446782945508,78.69437455268782,77.85846679729215,77.9082260131836
349,2016-08-09 04:00:00,77.84852092071554,78.8436444996514,77.31115327702734,77.45046997070312
350,2016-08-10 04:00:00,77.58978263072642,77.9480277078945,77.17183257142698,77.36090087890625
351,2016-08-11 04:00:00,77.50022094816615,77.82861354860265,77.18178170924932,77.54998016357422
352,2016-08-15 04:00:00,77.55993269252265,78.36598034658667,77.55993269252265,78.1570053100586
353,2016-08-16 04:00:00,78.11719843106351,78.38587844816084,77.77886006937133,78.077392578125
354,2016-08-17 04:00:00,78.15700568951382,78.36598072705648,77.73905561442852,78.33612823486328
355,2016-08-18 04:00:00,78.41573827110496,78.52520246827414,78.13709730146242,78.35602569580078
356,2016-08-19 04:00:00,78.00773518682401,79.16208215957731,77.9082243493567,79.12227630615234
357,2016-08-22 04:00:00,78.8038407824153,78.94315747986906,77.83856966992107,78.06744384765625
358,2016-08-23 04:00:00,78.00773393090553,78.41573822779992,78.00773393090553,78.12715148925781
359,2016-08-24 04:00:00,78.08734486659151,78.20675483157639,77.65944144361893,77.76890563964844
360,2016-08-25 04:00:00,77.60968499335947,78.42568601596653,77.34100497038715,78.28636932373047
361,2016-08-26 04:00:00,78.46548881777578,78.80383476589611,77.8485170882111,78.04753875732422
362,2016-08-29 04:00:00,78.17690781217338,78.91330474467634,78.17690781217338,78.34608459472656
363,2016-08-30 04:00:00,78.49534122471138,78.49534122471138,77.68929359582097,77.81865692138672
364,2016-08-31 04:00:00,77.64948786992613,77.95797373487937,77.01260941778328,77.08226776123047
365,2016-09-01 04:00:00,76.91310354623006,77.50022282285775,76.64441592403156,77.02256774902344
366,2016-09-02 04:00:00,77.37085475414182,77.39075388425451,76.59465961251628,76.80363464355469
367,2016-09-06 04:00:00,76.57475737490759,76.97280833018407,76.0373973163034,76.1070556640625
368,2016-09-07 04:00:00,76.00753695909319,76.50509875336054,75.9876378278863,76.38568878173828
369,2016-09-08 04:00:00,76.48519456075849,76.48519456075849,75.92792781755703,76.21650695800781
370,2016-09-09 04:00:00,75.81846562328346,76.20656319999506,73.66899511332053,73.75856018066406
371,2016-09-12 04:00:00,73.28090240815085,75.25125050660097,73.20129069681757,75.12187957763672
372,2016-09-13 04:00:00,74.53475625831497,75.33085055202487,74.35563371359694,74.80343627929688
373,2016-09-14 04:00:00,74.83328812716564,75.41046160986501,74.07699969348046,74.90294647216797
374,2016-09-15 04:00:00,74.98256003110255,75.68909685992257,74.58450908174456,75.56968688964844
375,2016-09-16 04:00:00,75.3308502864155,75.46022120792752,74.61436770225991,75.08206939697266
376,2016-09-19 04:00:00,75.33084951879343,75.69904796460537,74.46509689135613,74.72382354736328
377,2016-09-20 04:00:00,75.4900721361719,77.36090165284028,75.44031292243798,76.5250015258789
378,2016-09-21 04:00:00,76.80999755859375,77.37999725341797,76.47000122070312,77.25
379,2016-09-22 04:00:00,77.58999633789062,77.75,76.81999969482422,77.05000305175781
380,2016-09-23 04:00:00,77.05000305175781,77.05000305175781,77.05000305175781,77.05000305175781
381,2016-09-26 04:00:00,77.05000305175781,77.05000305175781,77.05000305175781,77.05000305175781
382,2016-09-27 04:00:00,77.05000305175781,77.05000305175781,77.05000305175781,77.05000305175781
383,2016-09-28 04:00:00,77.05000305175781,77.05000305175781,77.05000305175781,77.05000305175781
384,2016-09-29 04:00:00,77.05000305175781,77.05000305175781,77.05000305175781,77.05000305175781
385,2016-09-30 04:00:00,77.05000305175781,77.05000305175781,77.05000305175781,77.05000305175781
386,2016-10-03 04:00:00,77.05000305175781,77.05000305175781,77.05000305175781,77.05000305175781
387,2016-10-04 04:00:00,77.05000305175781,77.05000305175781,77.05000305175781,77.05000305175781
388,2016-10-05 04:00:00,77.05000305175781,77.05000305175781,77.05000305175781,77.05000305175781
389,2016-10-06 04:00:00,77.05000305175781,77.05000305175781,77.05000305175781,77.05000305175781
390,2016-10-07 04:00:00,77.05000305175781,77.05000305175781,77.05000305175781,77.05000305175781
391,2016-10-10 04:00:00,77.05000305175781,77.05000305175781,77.05000305175781,77.05000305175781
392,2016-10-11 04:00:00,77.05000305175781,77.05000305175781,77.05000305175781,77.05000305175781
393,2016-10-12 04:00:00,77.05000305175781,77.05000305175781,77.05000305175781,77.05000305175781
394,2016-10-13 04:00:00,77.05000305175781,77.05000305175781,77.05000305175781,77.05000305175781
395,2016-10-14 04:00:00,77.05000305175781,77.05000305175781,77.05000305175781,77.05000305175781
396,2016-10-17 04:00:00,77.05000305175781,77.05000305175781,77.05000305175781,77.05000305175781
397,2016-10-18 04:00:00,77.05000305175781,77.05000305175781,77.05000305175781,77.05000305175781
398,2016-10-19 04:00:00,77.05000305175781,77.05000305175781,77.05000305175781,77.05000305175781
399,2016-10-20 04:00:00,77.05000305175781,77.05000305175781,77.05000305175781,77.05000305175781
400,2016-10-21 04:00:00,77.05000305175781,77.05000305175781,77.05000305175781,77.05000305175781
401,2016-10-24 04:00:00,77.05000305175781,77.05000305175781,77.05000305175781,77.05000305175781
402,2016-10-25 04:00:00,77.05000305175781,77.05000305175781,77.05000305175781,77.05000305175781
403,2016-10-26 04:00:00,77.05000305175781,77.05000305175781,77.05000305175781,77.05000305175781
404,2016-10-27 04:00:00,77.05000305175781,77.05000305175781,77.05000305175781,77.05000305175781
405,2016-10-28 04:00:00,77.05000305175781,77.05000305175781,77.05000305175781,77.05000305175781
406,2016-10-31 04:00:00,77.05000305175781,77.05000305175781,77.05000305175781,77.05000305175781
407,2016-11-01 04:00:00,77.05000305175781,77.05000305175781,77.05000305175781,77.05000305175781
408,2016-11-02 04:00:00,77.05000305175781,77.05000305175781,77.05000305175781,77.05000305175781
409,2016-11-03 04:00:00,77.05000305175781,77.05000305175781,77.05000305175781,77.05000305175781
410,2016-11-04 04:00:00,77.05000305175781,77.05000305175781,77.05000305175781,77.05000305175781
411,2016-11-07 05:00:00,77.05000305175781,77.05000305175781,77.05000305175781,77.05000305175781
412,2016-11-08 05:00:00,77.05000305175781,77.05000305175781,77.05000305175781,77.05000305175781
413,2016-11-09 05:00:00,77.05000305175781,77.05000305175781,77.05000305175781,77.05000305175781
414,2016-11-10 05:00:00,77.05000305175781,77.05000305175781,77.05000305175781,77.05000305175781
415,2016-11-11 05:00:00,77.05000305175781,77.05000305175781,77.05000305175781,77.05000305175781
416,2016-11-14 05:00:00,77.05000305175781,77.05000305175781,77.05000305175781,77.05000305175781
417,2016-11-15 05:00:00,77.05000305175781,77.05000305175781,77.05000305175781,77.05000305175781
418,2016-11-16 05:00:00,77.05000305175781,77.05000305175781,77.05000305175781,77.05000305175781
419,2016-11-17 05:00:00,77.05000305175781,77.05000305175781,77.05000305175781,77.05000305175781
420,2016-11-18 05:00:00,77.05000305175781,77.05000305175781,77.05000305175781,77.05000305175781
421,2016-11-21 05:00:00,77.05000305175781,77.05000305175781,77.05000305175781,77.05000305175781
422,2016-11-22 05:00:00,77.05000305175781,77.05000305175781,77.05000305175781,77.05000305175781
423,2016-11-23 05:00:00,77.05000305175781,77.05000305175781,77.05000305175781,77.05000305175781
424,2016-11-25 05:00:00,77.05000305175781,77.05000305175781,77.05000305175781,77.05000305175781
425,2016-11-28 05:00:00,77.05000305175781,77.05000305175781,77.05000305175781,77.05000305175781
426,2016-11-29 05:00:00,77.05000305175781,77.05000305175781,77.05000305175781,77.05000305175781
427,2016-11-30 05:00:00,77.05000305175781,77.05000305175781,77.05000305175781,77.05000305175781
428,2016-12-01 05:00:00,77.05000305175781,77.05000305175781,77.05000305175781,77.05000305175781
429,2016-12-02 05:00:00,77.05000305175781,77.05000305175781,77.05000305175781,77.05000305175781
430,2016-12-05 05:00:00,77.05000305175781,77.05000305175781,77.05000305175781,77.05000305175781
431,2016-12-06 05:00:00,77.05000305175781,77.05000305175781,77.05000305175781,77.05000305175781
432,2016-12-07 05:00:00,77.05000305175781,77.05000305175781,77.05000305175781,77.05000305175781
433,2016-12-08 05:00:00,77.05000305175781,77.05000305175781,77.05000305175781,77.05000305175781
434,2016-12-09 05:00:00,77.05000305175781,77.05000305175781,77.05000305175781,77.05000305175781
435,2016-12-12 05:00:00,77.05000305175781,77.05000305175781,77.05000305175781,77.05000305175781
436,2016-12-13 05:00:00,77.05000305175781,77.05000305175781,77.05000305175781,77.05000305175781
437,2016-12-14 05:00:00,77.05000305175781,77.05000305175781,77.05000305175781,77.05000305175781
438,2016-12-15 05:00:00,77.05000305175781,77.05000305175781,77.05000305175781,77.05000305175781
439,2016-12-16 05:00:00,77.05000305175781,77.05000305175781,77.05000305175781,77.05000305175781
440,2016-12-19 05:00:00,77.05000305175781,77.05000305175781,77.05000305175781,77.05000305175781
441,2016-12-20 05:00:00,77.05000305175781,77.05000305175781,77.05000305175781,77.05000305175781
442,2016-12-21 05:00:00,77.05000305175781,77.05000305175781,77.05000305175781,77.05000305175781
443,2016-12-22 05:00:00,77.05000305175781,77.05000305175781,77.05000305175781,77.05000305175781
444,2016-12-23 05:00:00,77.05000305175781,77.05000305175781,77.05000305175781,77.05000305175781
445,2016-12-27 05:00:00,77.05000305175781,77.05000305175781,77.05000305175781,77.05000305175781
446,2016-12-28 05:00:00,77.05000305175781,77.05000305175781,77.05000305175781,77.05000305175781
447,2016-12-29 05:00:00,77.05000305175781,77.05000305175781,77.05000305175781,77.05000305175781
448,2016-12-30 05:00:00,77.05000305175781,77.05000305175781,77.05000305175781,77.05000305175781
449,2017-01-03 05:00:00,77.05000305175781,77.05000305175781,77.05000305175781,77.05000305175781
450,2017-01-04 05:00:00,77.05000305175781,77.05000305175781,77.05000305175781,77.05000305175781
451,2017-01-05 05:00:00,77.05000305175781,77.05000305175781,77.05000305175781,77.05000305175781
452,2017-01-06 05:00:00,77.05000305175781,77.05000305175781,77.05000305175781,77.05000305175781
453,2017-01-09 05:00:00,77.05000305175781,77.05000305175781,77.05000305175781,77.05000305175781
454,2017-01-10 05:00:00,77.05000305175781,77.05000305175781,77.05000305175781,77.05000305175781
455,2017-01-11 05:00:00,77.05000305175781,77.05000305175781,77.05000305175781,77.05000305175781
456,2017-01-12 05:00:00,77.05000305175781,77.05000305175781,77.05000305175781,77.05000305175781
457,2017-01-13 05:00:00,77.05000305175781,77.05000305175781,77.05000305175781,77.05000305175781
458,2017-01-17 05:00:00,77.05000305175781,77.05000305175781,77.05000305175781,77.05000305175781
459,2017-01-18 05:00:00,77.05000305175781,77.05000305175781,77.05000305175781,77.05000305175781
460,2017-01-19 05:00:00,77.05000305175781,77.05000305175781,77.05000305175781,77.05000305175781
461,2017-01-20 05:00:00,77.05000305175781,77.05000305175781,77.05000305175781,77.05000305175781
462,2017-01-23 05:00:00,77.05000305175781,77.05000305175781,77.05000305175781,77.05000305175781
463,2017-01-24 05:00:00,77.05000305175781,77.05000305175781,77.05000305175781,77.05000305175781
464,2017-01-25 05:00:00,77.05000305175781,77.05000305175781,77.05000305175781,77.05000305175781
465,2017-01-26 05:00:00,77.05000305175781,77.05000305175781,77.05000305175781,77.05000305175781
466,2017-01-27 05:00:00,77.05000305175781,77.05000305175781,77.05000305175781,77.05000305175781
467,2017-01-30 05:00:00,77.05000305175781,77.05000305175781,77.05000305175781,77.05000305175781
468,2017-01-31 05:00:00,77.05000305175781,77.05000305175781,77.05000305175781,77.05000305175781
469,2017-02-01 05:00:00,77.05000305175781,77.05000305175781,77.05000305175781,77.05000305175781
470,2017-02-02 05:00:00,77.05000305175781,77.05000305175781,77.05000305175781,77.05000305175781
471,2017-02-03 05:00:00,77.05000305175781,77.05000305175781,77.05000305175781,77.05000305175781
472,2017-02-06 05:00:00,77.05000305175781,77.05000305175781,77.05000305175781,77.05000305175781
473,2017-02-07 05:00:00,77.05000305175781,77.05000305175781,77.05000305175781,77.05000305175781
474,2017-02-08 05:00:00,77.05000305175781,77.05000305175781,77.05000305175781,77.05000305175781
475,2017-02-09 05:00:00,77.05000305175781,77.05000305175781,77.05000305175781,77.05000305175781
476,2017-02-10 05:00:00,77.05000305175781,77.05000305175781,77.05000305175781,77.05000305175781
477,2017-02-13 05:00:00,77.05000305175781,77.05000305175781,77.05000305175781,77.05000305175781
478,2017-02-14 05:00:00,77.05000305175781,77.05000305175781,77.05000305175781,77.05000305175781
479,2017-02-15 05:00:00,77.05000305175781,77.05000305175781,77.05000305175781,77.05000305175781
480,2017-02-16 05:00:00,77.05000305175781,77.05000305175781,77.05000305175781,77.05000305175781
481,2017-02-17 05:00:00,77.05000305175781,77.05000305175781,77.05000305175781,77.05000305175781
482,2017-02-21 05:00:00,77.05000305175781,77.05000305175781,77.05000305175781,77.05000305175781
483,2017-02-22 05:00:00,77.05000305175781,77.05000305175781,77.05000305175781,77.05000305175781
484,2017-02-23 05:00:00,77.05000305175781,77.05000305175781,77.05000305175781,77.05000305175781
485,2017-02-24 05:00:00,77.05000305175781,77.05000305175781,77.05000305175781,77.05000305175781
486,2017-02-27 05:00:00,77.05000305175781,77.05000305175781,77.05000305175781,77.05000305175781
487,2017-02-28 05:00:00,77.05000305175781,77.05000305175781,77.05000305175781,77.05000305175781
488,2017-03-01 05:00:00,77.05000305175781,77.05000305175781,77.05000305175781,77.05000305175781
489,2017-03-02 05:00:00,77.05000305175781,77.05000305175781,77.05000305175781,77.05000305175781
490,2017-03-03 05:00:00,77.05000305175781,77.05000305175781,77.05000305175781,77.05000305175781
491,2017-03-06 05:00:00,77.05000305175781,77.05000305175781,77.05000305175781,77.05000305175781
492,2017-03-07 05:00:00,77.05000305175781,77.05000305175781,77.05000305175781,77.05000305175781
493,2017-03-08 05:00:00,77.05000305175781,77.05000305175781,77.05000305175781,77.05000305175781
494,2017-03-09 05:00:00,77.05000305175781,77.05000305175781,77.05000305175781,77.05000305175781
495,2017-03-10 05:00:00,77.05000305175781,77.05000305175781,77.05000305175781,77.05000305175781
496,2017-03-13 04:00:00,77.05000305175781,77.05000305175781,77.05000305175781,77.05000305175781
497,2017-03-14 04:00:00,77.05000305175781,77.05000305175781,77.05000305175781,77.05000305175781
498,2017-03-15 04:00:00,77.05000305175781,77.05000305175781,77.05000305175781,77.05000305175781
499,2017-03-16 04:00:00,77.05000305175781,77.05000305175781,77.05000305175781,77.05000305175781
500,2017-03-17 04:00:00,77.05000305175781,77.05000305175781,77.05000305175781,77.05000305175781
501,2017-03-20 04:00:00,77.05000305175781,77.05000305175781,77.05000305175781,77.05000305175781
